{
    "alloyCost": 100000,
    "quantumCoresCost": 0,
    "hp": 192500,
    "moveSpeed": 2.700000047683716,
    "slopePushdownSpeedMultiplier": 7.0,
    "maxSlopeAngle": 50.0,
    "abilityType": 13,
    "abilityWeaponMounts": [],
    "weaponTypesOnAbilityWeaponMounts": [],
    "weaponMounts": [
        {
            "x": -0.800000011920929,
            "y": 4.199999809265137,
            "z": -0.19999980926513673
        },
        {
            "x": 0.010999977588653565,
            "y": 4.190000057220459,
            "z": -0.39999985694885256
        },
        {
            "x": 0.7999999523162842,
            "y": 4.199999809265137,
            "z": -0.19999980926513673
        }
    ],
    "weaponClassOnWeaponMounts": [
        2,
        2,
        2
    ],
    "robotPrefab": {
        "instanceID": 88348
    },
    "robotType": 13,
    "robotMovementType": 1,
    "hardcoreClipsPerWeapon": 0,
    "shieldType": 5,
    "buildInShieldParameterHolder": {
        "instanceID": 145868
    }
}