{
    "alloyCost": 0,
    "quantumCoresCost": 250000,
    "hp": 102600,
    "moveSpeed": 2.700000047683716,
    "slopePushdownSpeedMultiplier": 7.0,
    "maxSlopeAngle": 50.0,
    "abilityType": 13,
    "abilityWeaponMounts": [],
    "weaponTypesOnAbilityWeaponMounts": [],
    "weaponMounts": [
        {
            "x": -0.5500001311302185,
            "y": 3.90000057220459,
            "z": -0.6750004291534424
        },
        {
            "x": 9.313225746154785e-9,
            "y": 3.8299999237060549,
            "z": -0.5250000953674316
        },
        {
            "x": 0.5500001311302185,
            "y": 3.90000057220459,
            "z": -0.6750004291534424
        }
    ],
    "weaponClassOnWeaponMounts": [
        2,
        2,
        2
    ],
    "robotPrefab": {
        "instanceID": 568105584918918624
    },
    "robotType": 13,
    "robotMovementType": 1,
    "hardcoreClipsPerWeapon": 0,
    "shieldType": 5,
    "buildInShieldParameterHolder": {
        "instanceID": 568105584918918626
    }
}