{
    "alloyCost": 0,
    "quantumCoresCost": 250000,
    "hp": 102600,
    "moveSpeed": 2.700000047683716,
    "slopePushdownSpeedMultiplier": 7.0,
    "maxSlopeAngle": 50.0,
    "abilityType": 13,
    "abilityWeaponMounts": [],
    "weaponTypesOnAbilityWeaponMounts": [],
    "weaponMounts": [
        {
            "x": -0.550000011920929,
            "y": 3.9750003814697267,
            "z": -0.6750004291534424
        },
        {
            "x": 6.891787052154541e-8,
            "y": 3.9000000953674318,
            "z": -0.5250003337860107
        },
        {
            "x": 0.5500002503395081,
            "y": 3.9750003814697267,
            "z": -0.6750004291534424
        }
    ],
    "weaponClassOnWeaponMounts": [
        2,
        2,
        2
    ],
    "robotPrefab": {
        "instanceID": 568105584918880000
    },
    "robotType": 13,
    "robotMovementType": 1,
    "hardcoreClipsPerWeapon": 0,
    "shieldType": 5,
    "buildInShieldParameterHolder": {
        "instanceID": 568105584918875142
    }
}